year	n_occ_depobio	n_occ_fr	per_occ_depobio
2014	67	4817567	0.0013907435018547744
2016	486	5148945	0.009438826788788771
2017	33	6169478	5.348912825363831e-4
2018	2599	6179589	0.042057813229973706
2019	10640	6019165	0.17676870462929659
2020	7	5369159	1.3037423551807647e-4
2021	43	3478013	0.0012363381045441752
